keyword,hits_mean
berlusconi,6.67164179104478
calenda,5.70149253731343
conte,7.73134328358209
letta,2.88059701492537
meloni,12.5970149253731
renzi,3.07462686567164
salvini,4.13432835820896
